<?xml version="1.0" encoding="UTF-8" standalone="yes"?>
<manifest>
  <control namespace="XRMControls" constructor="RatingControl" version="0.0.1" display-name-key="Rating_Display_Key" description-key="Rating_Desc_Key" control-type="standard">
    <property name="ratingDrpProperty" display-name-key="RatingDrp_Display_Key" description-key="RatingDrp_Desc_Key" of-type="SingleLine.Text" usage="bound" required="true"/>
    <property name="ratingValueProperty" display-name-key="RatingValue_Display_Key" description-key="RatingValue_Desc_Key" of-type="Whole.None" usage="bound" required="true"/>
    <resources>
      <code path="bundle.js" order="1"/>
      <css path="Rating.css" order="1"/>
    </resources>
  </control>
</manifest>