<?xml version="1.0" encoding="UTF-8" standalone="yes"?>
<manifest>
  <control namespace="XRMControls" constructor="RatingControl" version="0.0.5" display-name-key="CRMIndian_RatingControl" description-key="CRMIndian_RatingControl_Description" control-type="standard">
    <property name="ratingDrpProperty" display-name-key="IconStyle" description-key="Iconstyle_key" of-type="SingleLine.Text" usage="input" required="true"/>
    <property name="ratingValueProperty" display-name-key="RatingValue" description-key="RatingValue_Key" of-type="Whole.None" usage="bound" required="true"/>
    <property name="ratingTotalNumberProperty" display-name-key="NumberOfIcons" description-key="NumberOfIcons_Key" of-type="Whole.None" usage="input" required="true"/>
    <property name="ratingUnselectedColorProperty" display-name-key="UnselectedColor" description-key="UnselectedColor_Key" of-type="SingleLine.Text" usage="input" required="true"/>
    <property name="ratingSelectedColorProperty" display-name-key="SelectedColor" description-key="SelectedColor_Key" of-type="SingleLine.Text" usage="input" required="true"/>
    <resources>
      <code path="bundle.js" order="1"/>
      <css path="Rating.css" order="1"/>
    </resources>
  </control>
</manifest>